<?xml version="1.0" encoding="utf-8"?>
<form>
     <fieldset name="section1">
		<field name="horizontal_popup" type="radio" default="top" label="HORIZONTAL_POPUP_LABEL" description="HORIZONTAL_POPUP_DES" class="btn-group">
			<option value="top">SP_TOP</option>
			<option value="center">SP_CENTER</option>
			<option value="bottom">SP_BOTTOM</option>
		</field>
	</fieldset>
    <fieldset name="section2">
		<field name="vertical_popup" type="radio" default="center" label="VERTICAL_POPUP_LABEL" description="VERTICAL_POPUP_DES" class="btn-group">
			<option value="left">SP_LEFT</option>
			<option value="center">SP_CENTER</option>
			<option value="right">SP_RIGHT</option>
		</field>
	</fieldset>
</form>