<?xml version="1.0" encoding="utf-8"?>
<extension type="module" version="4" client="site" method="upgrade">
    <name>CG Popup</name>
    <creationDate>2023 February</creationDate>
    <author>ConseilGouz</author>
    <copyright>Copyright (c) 2023 ConseilGouz</copyright>
    <license>gpl-2.0.html GNU/GPL</license>
    <authorEmail>pascal.leconte@conseilgouz.com</authorEmail>
    <authorUrl>https://www.conseilgouz.com</authorUrl>
    <version>2.2.6</version>
    <description>CG_XML_DESCRIPTION</description>
    <files>
        <filename module="mod_cg_popup">mod_cg_popup.php</filename>
		<filename>mod_detail.xml</filename>
        <filename>mod_pos.xml</filename>
		<filename>css_admin.css</filename>
        <folder>tmpl</folder>
    </files>
	<namespace path="src">ConseilGouz\Module\CGPopup</namespace>
	<changelogurl>https://raw.githubusercontent.com/conseilgouz/pkg_cg_popup_j4/master/pkg_cg_popup_changelog.xml</changelogurl>	
	<scriptfile>script.php</scriptfile>
	<languages>
		<language tag="en-GB">language/en-GB/mod_cg_popup.ini</language>
		<language tag="eb-GB">language/en-GB/mod_cg_popup.sys.ini</language>
		<language tag="fr-FR">language/fr-FR/mod_cg_popup.ini</language>
		<language tag="fr-FR">language/fr-FR/mod_cg_popup.sys.ini</language>
	</languages>
	<media destination="mod_cg_popup" folder="media">
		<folder>js</folder>
		<folder>css</folder>
		<folder>images</folder>
		<filename>index.html</filename>
	</media>
	
    <config>
        <fields name="params" addfieldpath="">
            <fieldset name="basic">
				<field name="sp-effect" type="list" default="fadeIn" label="SP_EFFECT_LABEL" description="SP_EFFECT_DES" >
				<option value="fadeIn">fadeIn</option>
				<option value="flipXIn">flipXIn</option>
				<option value="flipYIn">flipYIn</option>
				<option value="swoopIn">swoopIn</option>
				<option value="whirlIn">whirlIn</option>
				<option value="slideUpIn">slideUpIn</option>
				<option value="slideUpBigIn">slideUpBigIn</option>
				<option value="slideDownBigIn">slideDownBigIn</option>
				<option value="slideLeftBigIn">slideLeftBigIn</option>
				<option value="slideRightBigIn">slideRightBigIn</option>
				<option value="perspectiveUpIn">perspectiveUpIn</option>
				<option value="perspectiveDownIn">perspectiveDownIn</option>
				<option value="perspectiveLeftIn">perspectiveLeftIn</option>
				<option value="perspectiveRightIn">perspectiveRightIn</option>
				</field>
				<field name="trigger" type="radio" default="" label="TRIGGER_POPUP_LABEL" description="TRIGGER_POPUP_DESC" class="btn-group">
						<option value="">JNONE</option>
						<option value="delay">CG_DELAY</option>
						<option value="scroll">CG_SCROLL</option>
						<option value="exit">CG_EXIT</option>
				</field>
				<field showon="trigger:delay" name="sp-delay" type="number" default="0" label="CG_DELAY_LBL" description="CG_DELAY_DESC" min="0" max="1000000" step="1000" />
				<field showon="trigger:scroll" name="sp-scroll" type="number" default="100" label="CG_SCROLL_LBL" description="CG_SCROLL_DESC" min="0" max="2000" step="10" />
				<field showon="trigger:scroll" name="sp-scroll-max" type="number" default="9999" label="CG_SCROLL_MAX_LBL" description="CG_SCROLL_MAX_DESC" min="0" max="9999" step="10" />
				<field name="position" label="" type="subform" multiple ="false"
				formsource="/modules/mod_cg_popup/mod_pos.xml" layout="conseilgouz.conseilgouz-table"/>
				<field name="show_btn_close_popup" type="radio" default="1" label="SHOW_BTN_POPUP_LABEL" description="SHOW_BTN_POPUP_DES" class="btn-group">
                    <option value="1">JYES</option>
					<option value="0">JNO</option>
                </field>
				<field showon="show_btn_close_popup:1" name="cookie_duration" type="text" default="30" label="COOKIE_DURATION_LABEL" description="COOKIE_DURATION_DES" size="3" maxlength="3"/>
				<field showon="show_btn_close_popup:1" name="update_date_popup" type="calendar" default="" label="DATE_POPUP_LABEL" description="DATE_POPUP_DES" todaybutton="true" singleheader="true" format="%d-%m-%Y" showtime="false" class="input-small" >
                </field>
				<field showon="show_btn_close_popup:1" name="title_button_popup" type="radio" default="0" label="TITLE_BUTTON_LABEL" description="TITLE_BUTTON_DES" class="btn-group">
                    <option value="1">JYES</option>
					<option value="0">JNO</option>
                </field>
				<field showon="show_btn_close_popup:1[AND]title_button_popup:1" name="title_button_first" type="radio" default="0" label="TITLE_BUTTON_FIRST_LABEL" description="TITLE_BUTTON_FIRST_DES" class="btn-group">
                    <option value="1">JYES</option>
					<option value="0">JNO</option>
                </field>
				<field name="detail" label="" type="subform" multiple ="false"
				formsource="/modules/mod_cg_popup/mod_detail.xml" layout="conseilgouz.conseilgouz-table"/>
			
				<field name="css_popup" type="textarea" label="CSS_POPUP_LABEL" description="CSS_POPUP_DES" cols="40" rows="4" filter="raw" 
					default=".sp-popup .relative{ height:auto;width:100%;overflow:hidden;        } 
							 .sp_popup_wrap .btn {background: #00a3e2; margin-left: 36px; padding: 8px 24px; border: none; color: #fff; text-shadow: -1px 0 1px #333;}    
							 .sp_popup_wrap h4 {text-align: center; margin-top: 10px;}
							 h4 {color:black}
				"/>
				<field name="content_popup" type="editor" label="CONTENT_POPUP_LABEL" description="CONTENT_POPUP_DES" cols="40" rows="4" filter="raw" 
					default=""/>	
			</fieldset>	
			<fieldset
				name="advanced">
				<field name="moduleclass_sfx" type="text" default="" label="COM_MODULES_FIELD_MODULECLASS_SFX_LABEL" description="COM_MODULES_FIELD_MODULECLASS_SFX_DESC" />
				<field
					name="cache"
					type="list"
					default="1"
					label="COM_MODULES_FIELD_CACHING_LABEL"
					description="COM_MODULES_FIELD_CACHING_DESC">
					<option
						value="1">JGLOBAL_USE_GLOBAL</option>
					<option
						value="0">COM_MODULES_FIELD_VALUE_NOCACHING</option>
				</field>
				<field
					name="cache_time"
					type="text"
					default="15"
					label="COM_MODULES_FIELD_CACHE_TIME_LABEL"
					description="COM_MODULES_FIELD_CACHE_TIME_DESC" />
				<field
					name="cachemode"
					type="hidden"
					default="itemid">
					<option
						value="itemid"></option>
				</field>
			</fieldset>
			
        </fields>
    </config>
</extension>
